{"cameraMode":{"drawMode":0,"name":"Shaded","section":"Shading Mode"},"sceneLighting":true,"audioPlay":false,"sceneViewState":{"m_AlwaysRefresh":false,"showFog":true,"showSkybox":true,"showFlares":true,"showImageEffects":true,"showParticleSystems":true,"showVisualEffectGraphs":true,"m_FxEnabled":true},"in2DMode":false,"pivot":{"x":1.354661464691162,"y":1.009259819984436,"z":0.27219218015670779},"rotation":{"x":-0.01758883334696293,"y":0.813970148563385,"z":-0.024678781628608705,"w":-0.5801171660423279},"size":0.2710994482040405,"orthographic":false}