{"cameraMode":{"drawMode":0,"name":"Shaded","section":"Shading Mode"},"sceneLighting":true,"audioPlay":false,"sceneViewState":{"m_AlwaysRefresh":false,"showFog":true,"showSkybox":true,"showFlares":true,"showImageEffects":true,"showParticleSystems":true,"showVisualEffectGraphs":true,"m_FxEnabled":true},"in2DMode":false,"pivot":{"x":0.02766817808151245,"y":1.5179556608200074,"z":0.00237196683883667},"rotation":{"x":-0.05806612968444824,"y":0.7432005405426025,"z":-0.0650540441274643,"w":-0.6633642911911011},"size":5.079971790313721,"orthographic":false}