{"cameraMode":{"drawMode":0,"name":"Shaded","section":"Shading Mode"},"sceneLighting":true,"audioPlay":false,"sceneViewState":{"m_AlwaysRefresh":false,"showFog":true,"showSkybox":true,"showFlares":true,"showImageEffects":true,"showParticleSystems":true,"showVisualEffectGraphs":true,"m_FxEnabled":true},"in2DMode":false,"pivot":{"x":-29.297746658325197,"y":17.82469367980957,"z":45.798831939697269},"rotation":{"x":0.016376029700040818,"y":-0.8126553297042847,"z":-0.021108591929078103,"w":-0.5827553272247315},"size":1.444861888885498,"orthographic":false}