{"cameraMode":{"drawMode":0,"name":"Shaded","section":"Shading Mode"},"sceneLighting":true,"audioPlay":false,"sceneViewState":{"m_AlwaysRefresh":false,"showFog":true,"showSkybox":true,"showFlares":true,"showImageEffects":true,"showParticleSystems":true,"showVisualEffectGraphs":true,"m_FxEnabled":true},"in2DMode":false,"pivot":{"x":-29.954423904418947,"y":44.81718826293945,"z":11.172011375427246},"rotation":{"x":0.06922879815101624,"y":0.9131861925125122,"z":-0.36005958914756777,"w":0.1793397217988968},"size":1.2244751453399659,"orthographic":false}