{"cameraMode":{"drawMode":0,"name":"Shaded","section":"Shading Mode"},"sceneLighting":true,"audioPlay":false,"sceneViewState":{"m_AlwaysRefresh":false,"showFog":true,"showSkybox":true,"showFlares":true,"showImageEffects":true,"showParticleSystems":true,"showVisualEffectGraphs":true,"m_FxEnabled":true},"in2DMode":false,"pivot":{"x":-30.259164810180665,"y":40.79006576538086,"z":-53.85776901245117},"rotation":{"x":0.10360302031040192,"y":0.02112363651394844,"z":-0.002701089484617114,"w":0.9945066571235657},"size":1.225393533706665,"orthographic":false}