{"cameraMode":{"drawMode":0,"name":"Shaded","section":"Shading Mode"},"sceneLighting":true,"audioPlay":false,"sceneViewState":{"m_AlwaysRefresh":false,"showFog":true,"showSkybox":true,"showFlares":true,"showImageEffects":true,"showParticleSystems":true,"showVisualEffectGraphs":true,"m_FxEnabled":true},"in2DMode":false,"pivot":{"x":-58.52019119262695,"y":19.23065948486328,"z":12.296858787536621},"rotation":{"x":0.008052211254835129,"y":0.7919448614120483,"z":0.010446842759847641,"w":-0.6104536652565002},"size":1.6139099597930909,"orthographic":false}