{"cameraMode":{"drawMode":0,"name":"Shaded","section":"Shading Mode"},"sceneLighting":true,"audioPlay":false,"sceneViewState":{"m_AlwaysRefresh":false,"showFog":true,"showSkybox":true,"showFlares":true,"showImageEffects":true,"showParticleSystems":true,"showVisualEffectGraphs":true,"m_FxEnabled":true},"in2DMode":false,"pivot":{"x":-28.92599868774414,"y":42.24828338623047,"z":-51.944740295410159},"rotation":{"x":0.12000259011983872,"y":0.017775462940335275,"z":-0.0035129571333527567,"w":0.9928328990936279},"size":5.145442485809326,"orthographic":false}