{"cameraMode":{"drawMode":0,"name":"Shaded","section":"Shading Mode"},"sceneLighting":true,"audioPlay":false,"sceneViewState":{"m_AlwaysRefresh":false,"showFog":true,"showSkybox":true,"showFlares":true,"showImageEffects":true,"showParticleSystems":true,"showVisualEffectGraphs":true,"m_FxEnabled":true},"in2DMode":false,"pivot":{"x":-22.198549270629884,"y":41.458251953125,"z":-30.794429779052736},"rotation":{"x":0.003182236570864916,"y":0.9962037801742554,"z":-0.06621534377336502,"w":0.06246747076511383},"size":2.3478567600250246,"orthographic":false}