{"cameraMode":{"drawMode":0,"name":"Shaded","section":"Shading Mode"},"sceneLighting":true,"audioPlay":false,"sceneViewState":{"m_AlwaysRefresh":false,"showFog":true,"showSkybox":true,"showFlares":true,"showImageEffects":true,"showParticleSystems":true,"showVisualEffectGraphs":true,"m_FxEnabled":true},"in2DMode":false,"pivot":{"x":-12.165914535522461,"y":25.279945373535158,"z":-51.61289978027344},"rotation":{"x":0.043469030410051349,"y":0.9559876322746277,"z":-0.19217543303966523,"w":0.21787862479686738},"size":17.637170791625978,"orthographic":false}