{"cameraMode":{"drawMode":0,"name":"Shaded","section":"Shading Mode"},"sceneLighting":true,"audioPlay":false,"sceneViewState":{"m_AlwaysRefresh":false,"showFog":true,"showSkybox":true,"showFlares":true,"showImageEffects":true,"showParticleSystems":true,"showVisualEffectGraphs":true,"m_FxEnabled":true},"in2DMode":false,"pivot":{"x":4.6009674072265629,"y":2.4207348823547365,"z":-9.19909954071045},"rotation":{"x":-0.05726982653141022,"y":-0.017372606322169305,"z":0.0009973144624382258,"w":-0.9982084631919861},"size":0.8641865849494934,"orthographic":false}