{"cameraMode":{"drawMode":0,"name":"Shaded","section":"Shading Mode"},"sceneLighting":true,"audioPlay":false,"sceneViewState":{"m_AlwaysRefresh":false,"showFog":true,"showSkybox":true,"showFlares":true,"showImageEffects":true,"showParticleSystems":true,"showVisualEffectGraphs":true,"m_FxEnabled":true},"in2DMode":false,"pivot":{"x":-6.344144821166992,"y":39.731021881103519,"z":-44.39323806762695},"rotation":{"x":0.0029519328381866218,"y":-0.9982131123542786,"z":0.04071507230401039,"w":0.0512937493622303},"size":1.362453579902649,"orthographic":false}