{"cameraMode":{"drawMode":0,"name":"Shaded","section":"Shading Mode"},"sceneLighting":true,"audioPlay":false,"sceneViewState":{"m_AlwaysRefresh":false,"showFog":true,"showSkybox":true,"showFlares":true,"showImageEffects":true,"showParticleSystems":true,"showVisualEffectGraphs":true,"m_FxEnabled":true},"in2DMode":false,"pivot":{"x":-38.94457244873047,"y":13.199999809265137,"z":54.57493591308594},"rotation":{"x":-0.24278384447097779,"y":-0.34370577335357668,"z":0.09247197210788727,"w":-0.9024373888969421},"size":0.8660253882408142,"orthographic":false}