{"cameraMode":{"drawMode":0,"name":"Shaded","section":"Shading Mode"},"sceneLighting":false,"audioPlay":false,"sceneViewState":{"m_AlwaysRefresh":false,"showFog":true,"showSkybox":false,"showFlares":true,"showImageEffects":true,"showParticleSystems":true,"showVisualEffectGraphs":true,"m_FxEnabled":true},"in2DMode":false,"pivot":{"x":-39.900001525878909,"y":13.600000381469727,"z":57.79999923706055},"rotation":{"x":-0.24278384447097779,"y":-0.34370577335357668,"z":0.09247197210788727,"w":-0.9024373888969421},"size":1.2247449159622193,"orthographic":false}