{"cameraMode":{"drawMode":0,"name":"Shaded","section":"Shading Mode"},"sceneLighting":false,"audioPlay":false,"sceneViewState":{"m_AlwaysRefresh":false,"showFog":true,"showSkybox":false,"showFlares":true,"showImageEffects":true,"showParticleSystems":true,"showVisualEffectGraphs":true,"m_FxEnabled":true},"in2DMode":false,"pivot":{"x":-32.543968200683597,"y":38.509342193603519,"z":-106.55335998535156},"rotation":{"x":-0.046259552240371707,"y":-0.7424655556678772,"z":0.051540274173021319,"w":-0.6663110256195068},"size":0.7411142587661743,"orthographic":false}